id,subject,tweet,favorites,date,classificacao
"5,52783667052167E+017",charliehebdo,france 10 people dead shoot hq satirical weekly newspaper charliehebdo accord witness http://t.co/fkyxgmus58,38,Wed Jan 07 11:07:51 +0000 2015,true
"5,527853751615E+017",charliehebdo,break 10 reportedly shoot dead paris hq french weekly charlie hebdo http://t.co/5f1dowzocq,5,Wed Jan 07 11:14:38 +0000 2015,true
"5,52788945017516E+017",charliehebdo,appal attack charlie hebdo paris 10 probably journalist confirm dead attack free speech,64,Wed Jan 07 11:28:49 +0000 2015,true
"5,52791196247269E+017",charliehebdo,break 10 kill shooting french satirical newspaper charlie hebdo paris prosecutor office say http://t.co/mnaea7j7fy,78,Wed Jan 07 11:37:46 +0000 2015,true
"5,52791578893619E+017",charliehebdo,dead shoot paris offices satirical magazine charlie hebdo live update http://t.co/gotsqbwroc,28,Wed Jan 07 11:39:17 +0000 2015,true
"5,52792544132997E+017",charliehebdo,break charlie hebdo late 11 dead 10 wound critical gunman unaccounte http://t.co/kjw3uwcv0f http://t.co/9k8ics97be,32,Wed Jan 07 11:43:07 +0000 2015,true
"5,52792802309181E+017",charliehebdo,charliehebdo   11 dead include 2 police paris shooting photo @martinbureau1 afp http://t.co/aksgp63mb7,17,Wed Jan 07 11:44:09 +0000 2015,true
"5,52792913910833E+017",charliehebdo,"11 dead shoot hq charliehebdo paris police source 
 https://t.co/e4dbcnvbvd",14,Wed Jan 07 11:44:35 +0000 2015,true
"5,52793679082312E+017",charliehebdo,11 confirm dead francois hollande visit scene attack late paris http://t.co/7n7uvclhwy http://t.co/egmxaradep,21,Wed Jan 07 11:47:38 +0000 2015,true
"5,52802654641226E+017",charliehebdo,charlie hebdo shoot late 12 dead gunman large http://t.co/6jrqxgpogm http://t.co/ho7lvftma5,22,Wed Jan 07 12:23:18 +0000 2015,true
"5,52805488631759E+017",charliehebdo,12 kill today attack satirical magazine charliehebdo paris official say http://t.co/zufxcg3rfs,268,Wed Jan 07 12:34:33 +0000 2015,true
"5,52806309540528E+017",charliehebdo,@lepoint charliehebdo cartoonist charb   cabu dead http://t.co/7usd83cqd2 http://t.co/wghblilfox,44,Wed Jan 07 12:37:49 +0000 2015,false
"5,52806757672964E+017",charliehebdo,update 12 confirm dead charliehebdo attack paris @ap report story http://t.co/jfqmha1gdv ap http://t.co/vdcifhia9u,55,Wed Jan 07 12:39:36 +0000 2015,true
"5,52810448324944E+017",charliehebdo,charliehebdo shooting gunman shout avenge prophet attack report http://t.co/3jsosc7yl3 http://t.co/naerf1ep7a,28,Wed Jan 07 12:54:16 +0000 2015,unverified
"5,52811386259386E+017",charliehebdo,12 dead paris shooting update story background info http://t.co/qlppq2ss8j charliehebdo http://t.co/dwmlafsd6k,65,Wed Jan 07 12:57:59 +0000 2015,true
"5,52814494381257E+017",charliehebdo,update charliehebdo editor chief kill attack magazine lawyer http://t.co/klkwmslo7 g,42,Wed Jan 07 13:10:20 +0000 2015,false
"5,5281602040327E+017",charliehebdo,look like charlie hebdo cartoonist kill 1 charb al qaeda hit list 2 cabu 3 wolinski 4 tignous,25,Wed Jan 07 13:16:24 +0000 2015,unverified
"5,52821069036671E+017",charliehebdo,"4 charliehebdo cartoonist kill 

 charb 
 cabu 
 tignous 
 georges wolinski 

 jesuischarlie http://t.co/qbaeyog2s2",192,Wed Jan 07 13:36:28 +0000 2015,unverified
"5,52832817089237E+017",charliehebdo,still eyewitness video charliehebdo attacker wear hood   black clothing shoot wounded man http://t.co/ix8wys3p5 m,33,Wed Jan 07 14:23:09 +0000 2015,true
"5,52833028201144E+017",charliehebdo,urgent 3 gunman involve deadly attack charliehebdo french interior minister http://t.co/3jsosc7yl3 paris http://t.co/9fqt2p6yhv,40,Wed Jan 07 14:23:59 +0000 2015,false
"5,5283496176271E+017",charliehebdo,paris manhunt 3 charliehebdo attacker ak-47 rifle   reportedly rocket propel grenade large http://t.co/3jsosc7yl3,18,Wed Jan 07 14:31:40 +0000 2015,true
"5,52848620375261E+017",charliehebdo,witness charlie hebdo gunman identify member al qaida http://t.co/wsee7pgidy http://t.co/ftzk4xzzir,28,Wed Jan 07 15:25:57 +0000 2015,unverified
"5,52978099357237E+017",charliehebdo,compelling image see come horrifying event paris courtesy banksy jesuischarlie http://t.co/ekbfbrr3ht,98,Thu Jan 08 00:00:27 +0000 2015,false
"5,52978184413921E+017",charliehebdo,banksy charliehebdo jesuischarlie noussommescharlie http://t.co/f6y07d9fj1,63,Thu Jan 08 00:00:47 +0000 2015,false
"5,52982613288157E+017",charliehebdo,banksy say jesuischarlie beautiful way vi @lukeeve http://t.co/gkfp5xvaoc,69,Thu Jan 08 00:18:23 +0000 2015,false
"5,52984502063338E+017",charliehebdo,update man include brother identify france newspaper attack source http://t.co/5nonuqjsu1 jesuischarlie charliehebdo,18,Thu Jan 08 00:25:53 +0000 2015,true
"5,52996335319007E+017",charliehebdo,rt @jeffersonobama r.i.p ahmed merabet french muslim cop victim charliehebdo attack http://t.co/tmqsjcckb5,57,Thu Jan 08 01:12:55 +0000 2015,false
"5,5310792108175E+017",charliehebdo,shot paris include traffic cop manhunt continue charliehebdo suspect http://t.co/l7wpnhayzn http://t.co/oqi2uindh1,37,Thu Jan 08 08:36:19 +0000 2015,true
"5,53152395371631E+017",charliehebdo,widely share cartoon charliehebdo attack actually @lucilleclerc banksy http://t.co/hxki8pefcu,601,Thu Jan 08 11:33:02 +0000 2015,false
"5,53160652567499E+017",charliehebdo,french police say kouachi cherif kouachi want paris terror attack http://t.co/0wbsnkirge http://t.co/wjmmg9lveb,38,Thu Jan 08 12:05:51 +0000 2015,true
"5,53164985460068E+017",charliehebdo,charliehebdo attack suspect reportedly fire shot rob petrol station http://t.co/josfdcybpi http://t.co/7xqirb4vbu,38,Thu Jan 08 12:23:04 +0000 2015,unverified
"5,53184482241815E+017",charliehebdo,confused highly train individual leave would getaway car charliehebdo,123,Thu Jan 08 13:40:32 +0000 2015,unverified
"5,53197863971611E+017",charliehebdo,person kill charlie hebdo attack muslim police officer http://t.co/qqxnludypg http://t.co/pjh6tlyrpc,38,Thu Jan 08 14:33:43 +0000 2015,false
"5,5321296204415E+017",charliehebdo,paris say high alert level extend north region attack suspect spot @afp @melissabellf24 https://t.co/pj8kecnvt7,33,Thu Jan 08 15:33:43 +0000 2015,unverified
"5,53221600955621E+017",charliehebdo,clarissa 27 year old police trainee montrouge police france victim morning attack @_batou http://t.co/kk0w0d6nnv,28,Thu Jan 08 16:08:02 +0000 2015,true
"5,53461741917864E+017",charliehebdo,rural region northern france search hunt charliehebdo gunman late update http://t.co/7ivin3nqcv http://t.co/yrduiojrzf,160,Fri Jan 09 08:02:16 +0000 2015,unverified
"5,53467311261503E+017",charliehebdo,report shoot   dammartin en goele route n2 north east paris french media say car chase way,27,Fri Jan 09 08:24:24 +0000 2015,unverified
"5,53470492565602E+017",charliehebdo,car chase way paris gunfight break report hostage late paris http://t.co/2j4wqdjntp http://t.co/lpd4hbixai,31,Fri Jan 09 08:37:03 +0000 2015,unverified
"5,53474188259103E+017",charliehebdo,breaking shot fire hostage take manhunt charliehebdo attacker police http://t.co/omby6wsgb7 http://t.co/zbszahyizj,78,Fri Jan 09 08:51:44 +0000 2015,unverified
"5,53476490315432E+017",charliehebdo,police convoy helicopter rush scene detain charlie hebdo massacre suspect http://t.co/xdugohndhv http://t.co/msroyqs14o,32,Fri Jan 09 09:00:53 +0000 2015,true
"5,53476880339599E+017",charliehebdo,develop police pursue charliehebdo shooting suspect helicopter deploy live feed http://t.co/grxhibeau2 http://t.co/pdlmmcax1b,19,Fri Jan 09 09:02:26 +0000 2015,true
"5,5347828947474E+017",charliehebdo,break 1 dead injure shootout north east paris french radio @rtlfrance http://t.co/ldsf5qeciv charliehebdo,17,Fri Jan 09 09:08:01 +0000 2015,false
"5,53480082996879E+017",charliehebdo,report fatality injury follow shootout ahead dammartin en goele hunt live coverage http://t.co/jm4ot03ge5 charliehebdo,142,Fri Jan 09 09:15:09 +0000 2015,false
"5,53486439129039E+017",charliehebdo,break french police tell ap suspect charliehebdo attack take hostage northeast paris,50,Fri Jan 09 09:40:25 +0000 2015,false
"5,534893932025E+017",charliehebdo,"paris murder suspect corner hostage 
 http://t.co/yzhji4hw54",24,Fri Jan 09 09:52:09 +0000 2015,false
"5,53501357156876E+017",charliehebdo,charliehebdo suspect prepared die martyr tell police make contact french medium http://t.co/qgmn70txsu,183,Fri Jan 09 10:39:41 +0000 2015,unverified
"5,53503184174711E+017",charliehebdo,charliehebdo shooting suspect tell police prepare die martyr french medium http://t.co/g6eunbdirj http://t.co/jonfaapehf,40,Fri Jan 09 10:46:57 +0000 2015,unverified
"5,53505242554175E+017",charliehebdo,suspect charliehebdo attack speak police phone say want die martyr say french mp http://t.co/bgkmtt3luf,30,Fri Jan 09 10:55:08 +0000 2015,unverified
"5,5350660820317E+017",charliehebdo,map show industrial estate 2 charliehebdo suspect hole surround police http://t.co/hi9g8dxpir http://t.co/vw2l6sqcmh,215,Fri Jan 09 11:00:33 +0000 2015,true
"5,53508098825261E+017",charliehebdo,police surround building suspect charliehebdo attacker hole http://t.co/b0trve2iys http://t.co/becxng0kxi,69,Fri Jan 09 11:06:29 +0000 2015,true
"5,53512735192142E+017",charliehebdo,update afp unnamed police source say killing policewoman paris thursday link charliehebdo attack,28,Fri Jan 09 11:24:54 +0000 2015,true
"5,53518472798683E+017",charliehebdo,official french terror suspect want martyr hole hostage north paris http://t.co/sjxudtguov,43,Fri Jan 09 11:47:42 +0000 2015,unverified
"5,53531413459661E+017",charliehebdo,update afp say gunman take hostage kosher supermarket paris believe suspect killing policewoman thursday,27,Fri Jan 09 12:39:07 +0000 2015,true
"5,53534838880608E+017",charliehebdo,break gunman policewoman killing suspect new paris hostage taking source,23,Fri Jan 09 12:52:44 +0000 2015,true
"5,53535829017371E+017",charliehebdo,break hostage paris kosher supermarket afp https://t.co/4yt6nafpig vincennes http://t.co/vnyhqye2ps,18,Fri Jan 09 12:56:40 +0000 2015,true
"5,53538058440942E+017",charliehebdo,france shooting hostage taking kosher market paris report wound http://t.co/5300zrevuq,41,Fri Jan 09 13:05:32 +0000 2015,unverified
"5,53543369604211E+017",charliehebdo,"11-month old baby hostage kosher supermarket paris unbearably sad 
 http://t.co/yxxlhehst9",17,Fri Jan 09 13:26:38 +0000 2015,true
"5,53544252563935E+017",charliehebdo,break 2 kill paris hostage situation @afp http://t.co/c2wrcwluzh,43,Fri Jan 09 13:30:08 +0000 2015,unverified
"5,53544694765216E+017",charliehebdo,french police publish photo suspect yesterday montrouge shooting maybe person kosher market http://t.co/j5nqil4ytu,20,Fri Jan 09 13:31:54 +0000 2015,true
"5,53548567420629E+017",charliehebdo,afp report 2 dead 5 hostage hold kosher store eastern paris separate incident charlie hebdo shooters,11,Fri Jan 09 13:47:17 +0000 2015,unverified
"5,53549686129562E+017",charliehebdo,update gunman kosher grocery store demand release suspect charliehebdo shooting report http://t.co/1y123fisl2,41,Fri Jan 09 13:51:44 +0000 2015,unverified
"5,53550301886956E+017",charliehebdo,break person seriously wound take hostage incident kosher supermarket paris police source,119,Fri Jan 09 13:54:11 +0000 2015,unverified
"5,53553288625672E+017",charliehebdo,break paris hostage taker know charlie hebdo killer source,19,Fri Jan 09 14:06:03 +0000 2015,true
"5,53558982476829E+017",charliehebdo,israeli tv israeli woman speak nephew mother 6 month old baby hold hostage supermarket paris jesuisjuif,27,Fri Jan 09 14:28:40 +0000 2015,true
"5,53561170637238E+017",charliehebdo,break police order shop close famed jewish neighborhood central paris far attack,171,Fri Jan 09 14:37:22 +0000 2015,unverified
"5,53566026030273E+017",charliehebdo,break hostage situation france link paris prosecutor say,58,Fri Jan 09 14:56:40 +0000 2015,true
"5,53575232867672E+017",charliehebdo,official gunman hold hostage paris market threaten kill police approach http://t.co/kid3u6zhck,53,Fri Jan 09 15:33:15 +0000 2015,unverified
"5,53576010898498E+017",charliehebdo,break gunman paris store threaten kill hostage charliehebdo suspect harm http://t.co/ypilwckuuw,39,Fri Jan 09 15:36:20 +0000 2015,unverified
"5,53579224402235E+017",charliehebdo,hostage taker paris store demand release kouachibrothers police union spokesman say http://t.co/ctajwvbmao http://t.co/ryegvipalu,28,Fri Jan 09 15:49:06 +0000 2015,unverified
"5,5358686033401E+017",charliehebdo,charliehebdo killer shoot dead police,131,Fri Jan 09 16:19:27 +0000 2015,true
"5,53586897168392E+017",charliehebdo,breaking charlie hebdo suspect kill police storm build police source http://t.co/oysxrq9xuv http://t.co/8icthapo7z,91,Fri Jan 09 16:19:36 +0000 2015,true
"5,53587013409325E+017",charliehebdo,break charlie hebdo gunman hostage free safe police assault,596,Fri Jan 09 16:20:03 +0000 2015,true
"5,53587303172833E+017",charliehebdo,police take people paris grocery hostage hold http://t.co/7bxdhozq4h,318,Fri Jan 09 16:21:12 +0000 2015,true
"5,53587672137335E+017",charliehebdo,afp suspect charliehebdo gunman kill,572,Fri Jan 09 16:22:40 +0000 2015,true
"5,53588178687656E+017",charliehebdo,report charliehebdo suspect kill http://t.co/rsl4203bcq,84,Fri Jan 09 16:24:41 +0000 2015,true
"5,53589051044151E+017",charliehebdo,hostage free jewish supermarket paris photo thomas samson afp http://t.co/9awtf3sryk,31,Fri Jan 09 16:28:09 +0000 2015,true
"5,53590459688571E+017",charliehebdo,hostage free jewish supermarket paris photo thomas samson afp http://t.co/c9ltgmt0wl,698,Fri Jan 09 16:33:45 +0000 2015,true
"5,53590835850515E+017",charliehebdo,hostage taker supermarket siege kill report parisattacks http://t.co/0jxoozr8mn http://t.co/sy4m9vox3l,108,Fri Jan 09 16:35:15 +0000 2015,true
"5,21346721226711E+017",ebola-essien,unconfirmed report claim michael essien contract ebola http://t.co/vasqrzdlhh,85,Sun Oct 12 17:08:39 +0000 2014,false
"5,21360486387175E+017",ebola-essien,ac milan midfielder michael essien diagnose ebola soon michael daily time http://t.co/r6y8d9hmaw,328,Sun Oct 12 18:03:21 +0000 2014,false
"4,98280126254428E+017",ferguson,mike brown stay grandmother summer live community ferguson,46,Sun Aug 10 01:30:14 +0000 2014,unverified
"4,98293668655423E+017",ferguson,28 hour black male kill united states police vigilante ferguson,428,Sun Aug 10 02:24:03 +0000 2014,unverified
"4,98430783699554E+017",ferguson,witness police allegedly stop mike brown yell walk sidewalk ferguson http://t.co/xg00r6w0k6,53,Sun Aug 10 11:28:53 +0000 2014,true
"4,98486826269548E+017",ferguson,.@ap demand retract lie people ferguson shout kill police local reporting refute ugly racism,33,Sun Aug 10 15:11:35 +0000 2014,unverified
"4,99366666300846E+017",ferguson,line police car high beam greet try enter ferguson shut media allow http://t.co/bk6jffm7jj,37,Wed Aug 13 01:27:45 +0000 2014,unverified
"4,99368931367608E+017",ferguson,currently foxnews website zero repeat zero coverage ferguson protest probably lack cowboy hat,93,Wed Aug 13 01:36:45 +0000 2014,unverified
"4,99456140044825E+017",ferguson,st louis co police tell ofcr shoot man point handgun chamber   sheffingdell 1 a.m. man critical ferguson,23,Wed Aug 13 07:23:17 +0000 2014,unverified
"4,99530130487018E+017",ferguson,woman ferguson shoot head night release selfie conflicting report happen http://t.co/25wx6ekqug,73,Wed Aug 13 12:17:18 +0000 2014,unverified
"4,99612545909416E+017",ferguson,"nearly 7k black murder yr black tiny unarmed kill cop 
 al jesse 
 tcot ferguson",41,Wed Aug 13 17:44:47 +0000 2014,unverified
"5,00258409988764E+017",ferguson,ferguson cop expect release 9 et police chief say http://t.co/nhmstgfzyi j.b forbes ap http://t.co/7lu1it1ekb,38,Fri Aug 15 12:31:13 +0000 2014,unverified
"5,00270780832174E+017",ferguson,police ferguson plan release officer shoot unarmed teen michael brown http://t.co/oqns3yvftx http://t.co/9fb09wutdn,48,Fri Aug 15 13:20:23 +0000 2014,unverified
"5,00278045597368E+017",ferguson,urgent darren wilson police officer shoot mike brown http://t.co/rz1eyckpiy ferguson http://t.co/d2hykchwvq,50,Fri Aug 15 13:49:15 +0000 2014,unverified
"5,00279160795722E+017",ferguson,question ferguson police chief officer darren wilson pursuit robbery suspect tell kid road lie,114,Fri Aug 15 13:53:41 +0000 2014,unverified
"5,00279189405434E+017",ferguson,slick police chief create narrative mikebrown suspect robbery   ferguson,58,Fri Aug 15 13:53:48 +0000 2014,unverified
"5,00280249629037E+017",ferguson,"police officer shoot ferguson teenager michaelbrown watch http://t.co/o76wpth1ne 
 http://t.co/r6bxjsy9cz",101,Fri Aug 15 13:58:00 +0000 2014,unverified
"5,00280422295937E+017",ferguson,darren wilson year veteran ferguson police disciplinary action,10,Fri Aug 15 13:58:42 +0000 2014,unverified
"5,00280838710247E+017",ferguson,police report release morning indicate mike brown suspect strong armed robbery ferguson,35,Fri Aug 15 14:00:21 +0000 2014,unverified
"5,00281094239818E+017",ferguson,mikebrown want walk street dead ferguson pd silence death criminal,38,Fri Aug 15 14:01:22 +0000 2014,unverified
"5,00281131057812E+017",ferguson,break news accord document release press mikebrown connect early robbery ferguson http://t.co/lucr9711s0,40,Fri Aug 15 14:01:31 +0000 2014,unverified
"5,00284699546518E+017",ferguson,surveillance robbery release still video ferguson,60,Fri Aug 15 14:15:41 +0000 2014,unverified
"5,00286058664579E+017",ferguson,update ferguson police release still convenience store footage show robbery http://t.co/rl0rgiphup http://t.co/phuofg7mjr,62,Fri Aug 15 14:21:05 +0000 2014,unverified
"5,00288349924782E+017",ferguson,think compare clothe mikebrown wear lay street security footage ferguson,141,Fri Aug 15 14:30:12 +0000 2014,unverified
"5,002904568453E+017",ferguson,police report ferguson cop value box swisher nearly $ 50 time stop smokin guess http://t.co/8zkvrhkapc,154,Fri Aug 15 14:38:34 +0000 2014,unverified
"5,00294803402138E+017",ferguson,photo alleged robbery involve michael brown ferguson police http://t.co/gr83xtgo1 t http://t.co/7v34otgycn,83,Fri Aug 15 14:55:50 +0000 2014,unverified
"5,00295393301647E+017",ferguson,day ask manager ferguson market police request surveillance video say,67,Fri Aug 15 14:58:11 +0000 2014,unverified
"5,00298588992594E+017",ferguson,police name cop shoot michael brown @alicesperi late report ferguson http://t.co/1k79nsotx3 http://t.co/cv3vckur6l,173,Fri Aug 15 15:10:53 +0000 2014,unverified
"5,0029875246977E+017",ferguson,"shoot unarmed kid 
 conceal evidence 
 impose martial law 
 harass reporter 
 smear victim 
 bad police 
 ferguson mikebrown",420,Fri Aug 15 15:11:32 +0000 2014,unverified
"5,00303431928922E+017",ferguson,reminder forget robbery forget minor looting justify militarized police point sniper rifle journalist ferguson,69,Fri Aug 15 15:30:08 +0000 2014,unverified
"5,00307001629745E+017",ferguson,appear ferguson pd try assassinate mike brown character literally assassinate mike brown,52,Fri Aug 15 15:44:19 +0000 2014,unverified
"5,0030807600493E+017",ferguson,possible robbery take place bam like magic unarmed black youth murder forget smh ferguson,60,Fri Aug 15 15:48:35 +0000 2014,unverified
"5,00319675797209E+017",ferguson,shoot street steal imagine carnage wall st mikebrown ferguson,99,Fri Aug 15 16:34:40 +0000 2014,unverified
"5,0031980134493E+017",ferguson,day ferguson cops tell dirty bloody lie @thedailybeast http://t.co/gnalhss7tu http://t.co/vpqnddvd2u,98,Fri Aug 15 16:35:10 +0000 2014,unverified
"5,00327106824245E+017",ferguson,weekend ppl talk robbery instead shoot bc ferguson pd release info shooting,41,Fri Aug 15 17:04:12 +0000 2014,unverified
"5,00327120770302E+017",ferguson,white celebrity catch shoplifting end dead street wait ferguson,187,Fri Aug 15 17:04:15 +0000 2014,unverified
"5,00332933098385E+017",ferguson,justify shoot unarmed teenager say commit misdemeanor fucking asshole ferguson,137,Fri Aug 15 17:27:21 +0000 2014,unverified
"5,00341884678836E+017",ferguson,hobby lobby ask ferguson pd clarification think chop hand maximum penalty shoplifting,137,Fri Aug 15 18:02:55 +0000 2014,unverified
"5,00347114975945E+017",ferguson,new link ferguson police release video show robbery involve michaelbrown http://t.co/gmduu33oed http://t.co/raawvjcwnu,217,Fri Aug 15 18:23:42 +0000 2014,unverified
"5,003547731333E+017",ferguson,2009 ferguson police beat man charge bleed http://t.co/kzf6z1l0uk,119,Fri Aug 15 18:54:08 +0000 2014,unverified
"5,00363126294864E+017",ferguson,"ferguson police chief basically confirm mikebrown gun death crime walk street 

 horrific",77,Fri Aug 15 19:27:20 +0000 2014,unverified
"5,00363740311982E+017",ferguson,frustrating talk robbery killing unarmed kid ferguson,185,Fri Aug 15 19:29:46 +0000 2014,unverified
"5,00371149713179E+017",ferguson,world let cop kill leave town http://t.co/t0a3rn2pel ferguson,62,Fri Aug 15 19:59:13 +0000 2014,unverified
"5,00377145349521E+017",ferguson,clear unarmed teenager possibly steal box cigar warrant shoot death police ferguson,201,Fri Aug 15 20:23:02 +0000 2014,unverified
"5,00377906305327E+017",ferguson,ferguson pd charge henrydavi w/ destruction property bleed uniform http://t.co/qqwpclw3tg http://t.co/5u3nmomif2,75,Fri Aug 15 20:26:04 +0000 2014,unverified
"5,00378223977722E+017",ferguson,oh ferguson police chief say cop know robbery stop mikebrown kid jaywalk bs,52,Fri Aug 15 20:27:19 +0000 2014,true
"5,00378522788315E+017",ferguson,ferguson police officer involve fatal shooting michael brown know suspect alleged robbery http://t.co/l6bieyrz2a,46,Fri Aug 15 20:28:31 +0000 2014,unverified
"5,00381163866063E+017",ferguson,report ferguson police beat wrong suspect charge get blood uniform 2009 http://t.co/mck8fyyopp,43,Fri Aug 15 20:39:00 +0000 2014,unverified
"5,00389488217309E+017",ferguson,ferguson chief let day b4 disclose repeat qs cop kill mikebrown know robbery danger,86,Fri Aug 15 21:12:05 +0000 2014,unverified
"5,00391222075077E+017",ferguson,store owner tell @fox2now monday theft say michaelbrown say ferguson,33,Fri Aug 15 21:18:58 +0000 2014,unverified
"5,00394061887709E+017",ferguson,press conf make ferguson pd look like go stonewall counter punching drag mud,79,Fri Aug 15 21:30:15 +0000 2014,unverified
"5,00413818368184E+017",ferguson,remarkably despite military style police presence ferguson know killer able skip town http://t.co/ldgjp6wt1j,65,Fri Aug 15 22:48:46 +0000 2014,unverified
"5,80319078155469E+017",germanwings-crash,germanwings airbus a320 crash french alps near digne http://t.co/ynlwbnjmyi,684,Tue Mar 24 10:43:44 +0000 2015,true
"5,8031918465289E+017",germanwings-crash,break 148 passenger board germanwings airbus a320 crash southern french alps http://t.co/vxxvru9xmv,5,Tue Mar 24 10:44:10 +0000 2015,false
"5,80320684305416E+017",germanwings-crash,accident aircraft look germanwing airline code 4u gwi flight 9525 barcelona dusseldorf 4u9525 http://t.co/tizc1n1zrk,10,Tue Mar 24 10:50:07 +0000 2015,unverified
"5,80321156508578E+017",germanwings-crash,hear 148 passenger + crew board a320 crash southern french alps germanwings flight @bbcworld,17,Tue Mar 24 10:52:00 +0000 2015,false
"5,80322453928432E+017",germanwings-crash,german wing airline tweet report plane crash french alps 148 board @germanwings http://t.co/squrmcvnkt,17,Tue Mar 24 10:57:09 +0000 2015,false
"5,80323060533764E+017",germanwings-crash,germanwings passenger plane crash france http://t.co/bsjhggmchg,10,Tue Mar 24 10:59:34 +0000 2015,true
"5,80324027715064E+017",germanwings-crash,germanwings plane crash southern france 150 fear dead http://t.co/gizjxnqbu3,17,Tue Mar 24 11:03:24 +0000 2015,true
"5,80325090367316E+017",germanwings-crash,"flight 4u9525 initially climb 38,000 foot start descend lose signal 6,800 foot http://t.co/mthxq232hn",202,Tue Mar 24 11:07:38 +0000 2015,unverified
"5,80326222107951E+017",germanwings-crash,heart go 148 passenger crew germanwings airbus a320 crash french alps southern france http://t.co/k7fmjlrt4 g,94,Tue Mar 24 11:12:07 +0000 2015,false
"5,80331561398108E+017",germanwings-crash,1047 dgac source say pilot call urgence urgence emergency emergency oppose mayday 7700 squawk 4u9525,14,Tue Mar 24 11:33:20 +0000 2015,false
"5,80332109782467E+017",germanwings-crash,4u9525 fl380 fl110 8 min average rate descent 3375 fpm level fl068 hell go,15,Tue Mar 24 11:35:31 +0000 2015,true
"5,80333763512705E+017",germanwings-crash,"germanwing late http://t.co/8tzopibylh 
 airbus a320 crash french alps 
 barcelona dusseldorf flight 
 142 passenger   6 crew",523,Tue Mar 24 11:42:05 +0000 2015,false
"5,80333909008871E+017",germanwings-crash,french junior minister transport alain vidalies confirm survivor germanwing a320 crash http://t.co/zliz1oy8wf,1,Tue Mar 24 11:42:40 +0000 2015,true
"5,80339547269145E+017",germanwings-crash,late germanwings crash pilot signal 911 drop midair airline ceo call dark day http://t.co/s5czownn2 t,33,Tue Mar 24 12:05:04 +0000 2015,false
"5,80339825649291E+017",germanwings-crash,germanwing passenger plane crash french alps 148 onboard http://t.co/jcdztv8we0 http://t.co/ye0hunditr,42,Tue Mar 24 12:06:11 +0000 2015,false
"5,80340476949086E+017",germanwings-crash,break 148 fear dead crashed germanwings flight http://t.co/bnegqsxbfl,32,Tue Mar 24 12:08:46 +0000 2015,false
"5,80348081100734E+017",germanwings-crash,germanwing sorry confirm 144 passenger   6 crew board flight 4u9525 crash french alps http://t.co/inqlkoqzup,497,Tue Mar 24 12:38:59 +0000 2015,true
"5,80352273001411E+017",germanwings-crash,news emergency emergency final distress send cockpit flight 4u9525   @pollyr_aviation,21,Tue Mar 24 12:55:38 +0000 2015,false
"5,80360165540643E+017",germanwings-crash,@france24 reporter james andré french civil aviation authority hq germanwings plane report distress signal mayday,4,Tue Mar 24 13:27:00 +0000 2015,false
"5,80371845997683E+017",germanwings-crash,"4u9525 take minute descend 38,000 foot impact say germanwings ceo winkelmann",9,Tue Mar 24 14:13:25 +0000 2015,true
"5,80882341880447E+017",germanwings-crash,report co pilot lock cockpit fatal plane crash http://t.co/axgquacv2e germanwing http://t.co/t80l7bhxx6,7,Thu Mar 26 00:01:57 +0000 2015,true
"5,81047170637382E+017",germanwings-crash,name pilot rumor patrick sonderheimer co pilot andreas lubitz formal confirmation germanwing,8,Thu Mar 26 10:56:55 +0000 2015,true
"5,81063377226637E+017",germanwings-crash,4u9525 robin names andreas lubitz copilot flight deck crash aircraft,3,Thu Mar 26 12:01:19 +0000 2015,true
"5,81153923987206E+017",germanwings-crash,germanwings co pilot battle depression 09 friend http://t.co/srhdpf4zn5 http://t.co/i3zd1rynud,62,Thu Mar 26 18:01:07 +0000 2015,unverified
"5,81290271997968E+017",germanwings-crash,german news co pilot germanwings airbus muslim convert hero islamic state http://t.co/j8budbthpm @gatewaypundit,39,Fri Mar 27 03:02:55 +0000 2015,false
"5,81293286268129E+017",germanwings-crash,german news co pilot germanwings airbus muslim convert muslim trust near airplane,22,Fri Mar 27 03:14:54 +0000 2015,false
"5,81359544682615E+017",germanwings-crash,germanwings co pilot depressive episode bild newspaper http://t.co/rgstrehd21,53,Fri Mar 27 07:38:11 +0000 2015,unverified
"5,81386094337475E+017",germanwings-crash,rt @khjelmgaard german medium reporting andreaslubitz depressive episode year ago http://t.co/mudmhpz2ro germanwing,10,Fri Mar 27 09:23:41 +0000 2015,unverified
"5,81473088249958E+017",germanwings-crash,german news report co pilot germanwings airbus muslim convert hero islamic state http://t.co/pw2kxje31 m @gatewaypundit,5,Fri Mar 27 15:09:22 +0000 2015,false
"7,58159624122098E+017",illary,know marina joyce personally know drug addiction need help form rehab savemarinajoyce,2123,Wed Jul 27 04:38:34 +0000 2016,false
"7,6309827798621E+017",illary,"hillary mystery handler spot diazepam pen seizure drug right 

 ► ► https://t.co/y9x0yyg5cf https://t.co/oqbvkfpdwy",153,Tue Aug 09 19:43:01 +0000 2016,false
"7,64927075522261E+017",illary,secret service tell infowars hillary seriously ill need special accommodation tune 4pm-6pm cst https://t.co/oqtch0lewb trump tcot,462,Sun Aug 14 20:50:01 +0000 2016,false
"7,67725956706415E+017",illary,online   hillary clinton illness rudy say yes look truth health smear   https://t.co/eprqizhaxm,97,Mon Aug 22 14:11:46 +0000 2016,false
"7,68859780240773E+017",illary,sick hillary see great caution attempt car hillaryshealth https://t.co/1ys6vmjrds,189,Thu Aug 25 17:17:10 +0000 2016,false
"7,69988636754506E+017",illary,267 day sick hillary press conference,1635,Sun Aug 28 20:02:51 +0000 2016,false
"7,74991078265094E+017",illary,coughing fainting apparent seizure short circuit hillary peak health,1114,Sun Sep 11 15:20:46 +0000 2016,false
"7,75057555865207E+017",illary,think hillary suffer,34,Sun Sep 11 19:44:55 +0000 2016,false
"5,24922729485849E+017",ottawashooting,photo tweet cpr perform soldier hear shot ottawa http://t.co/cqdw1yx8ai,10,Wed Oct 22 13:58:25 +0000 2014,true
"5,24923293711999E+017",ottawashooting,war memorial ottawa soldier shoot give treatment break http://t.co/ctmlb1lvgg,80,Wed Oct 22 14:00:40 +0000 2014,true
"5,24923462398513E+017",ottawashooting,shot fire parliament hill man walk gun lock security office parliament hill,20,Wed Oct 22 14:01:20 +0000 2014,true
"5,24923676484178E+017",ottawashooting,break shooting parliament hill rcmp weapon draw cdnpoli http://t.co/38qogxcuet,41,Wed Oct 22 14:02:11 +0000 2014,true
"5,24924619812512E+017",ottawashooting,witness tell cbcnews suspect shooter uniformed soldier ottawa war memorial carry rifle,12,Wed Oct 22 14:05:56 +0000 2014,unverified
"5,24925050739491E+017",ottawashooting,break news soldier shoot national war memorial ottawa http://t.co/pp6hcfwcrw,28,Wed Oct 22 14:07:39 +0000 2014,true
"5,24925215235912E+017",ottawashooting,break news shot fire parliament hill follow develop story http://t.co/gpg9nujrvk http://t.co/h0hw24j5ma,80,Wed Oct 22 14:08:18 +0000 2014,true
"5,24925730053181E+017",ottawashooting,shooter loose uniformed soldier shoot ottawa war memorial road parliament mp take office,66,Wed Oct 22 14:10:21 +0000 2014,unverified
"5,24925987239121E+017",ottawashooting,soldier shoot national war memorial ottawa http://t.co/sgmcq7guzf cdnpoli hw,13,Wed Oct 22 14:11:22 +0000 2014,true
"5,24926235030589E+017",ottawashooting,break news 3 shot fire ottawa war memorial soldier confirm shot http://t.co/wipakvpsdb http://t.co/vwxeqj8xe9,17,Wed Oct 22 14:12:21 +0000 2014,true
"5,24926472432411E+017",ottawashooting,person shoot outside centre block second wound inside building parliament hill shoot http://t.co/zng0g0aelu,13,Wed Oct 22 14:13:18 +0000 2014,unverified
"5,2492728104808E+017",ottawashooting,sniper set national art gallery remain barricade centre block parliament hill cdnpoli http://t.co/lwkaxli9jo,279,Wed Oct 22 14:16:31 +0000 2014,unverified
"5,24929497205055E+017",ottawashooting,canada parliament hill lockdown police hunt shooting suspect 1 injure @cbcnews @torontostar http://t.co/af9hyt9bgx,45,Wed Oct 22 14:25:19 +0000 2014,unverified
"5,24931324763992E+017",ottawashooting,reliable source parliament hill tell assailant kill cdnpoli ottnews,21,Wed Oct 22 14:32:35 +0000 2014,true
"5,24932056560964E+017",ottawashooting,break 20 shot fire canadian parliament ottawa accord witness,20,Wed Oct 22 14:35:29 +0000 2014,unverified
"5,24932935137628E+017",ottawashooting,gunman ottawa shoot kill loss word morning canada,331,Wed Oct 22 14:38:59 +0000 2014,true
"5,24935485370929E+017",ottawashooting,shoot canadian parliament come day isis inspire radical drive in2 canadian soldier report shoot war memorial/1,11,Wed Oct 22 14:49:07 +0000 2014,true
"5,24936793633083E+017",ottawashooting,tense situation ottawa morning   multiple gun shot fire outside caucus room   safe lockdown unbelievable,32,Wed Oct 22 14:54:19 +0000 2014,true
"5,24936872666354E+017",ottawashooting,shot fire parliament hill police tell cover,194,Wed Oct 22 14:54:37 +0000 2014,true
"5,24937542131794E+017",ottawashooting,lock notice ottawa police,20,Wed Oct 22 14:57:17 +0000 2014,unverified
"5,2494065977892E+017",ottawashooting,attack parliament soldier shoot gunman loose follow develop story http://t.co/bo99c9hqje http://t.co/2fxeyttl8w,14,Wed Oct 22 15:09:40 +0000 2014,unverified
"5,2494113223791E+017",ottawashooting,dramatic video @josh_wingrove shot fire inside parliament building https://t.co/1waid25voe ottawa shoot,24,Wed Oct 22 15:11:33 +0000 2014,true
"5,24941720249979E+017",ottawashooting,footage globe reporter capture exchange gun fire parliament hill building https://t.co/fou4pbncdq,144,Wed Oct 22 15:13:53 +0000 2014,true
"5,24942470472548E+017",ottawashooting,university ottawa minute walk hill lockdown,7,Wed Oct 22 15:16:52 +0000 2014,true
"5,24943490887991E+017",ottawashooting,confirm | 1 shooter shoot dead parliament hill 1 suspect cbcott ottnews,129,Wed Oct 22 15:20:55 +0000 2014,true
"5,24944399890125E+017",ottawashooting,recap gunman shoot dead inside parliament building police believe loose cdn soldier shoot earlier war memorial,130,Wed Oct 22 15:24:32 +0000 2014,true
"5,24947416869388E+017",ottawashooting,report 2nd shooter shoot downtown ottawa ottnews,101,Wed Oct 22 15:36:31 +0000 2014,false
"5,24947674164761E+017",ottawashooting,break news new york times report canadian soldier shoot die injury heartbreaking cdnpoli ableg,6,Wed Oct 22 15:37:33 +0000 2014,true
"5,24947867975561E+017",ottawashooting,ottawa police service numerous gunman canada war memorial shooting person shoot http://t.co/znhxk6wboy,250,Wed Oct 22 15:38:19 +0000 2014,false
"5,24948206023881E+017",ottawashooting,late @cbcnew ottawa shooting gunman kill inside parliament soldier shoot war memorial http://t.co/kngapktsce cdnpoli,60,Wed Oct 22 15:39:40 +0000 2014,true
"5,24948866773185E+017",ottawashooting,ottawa police issue statement separate shoot incident inside parliament war memorial rideau centre,10,Wed Oct 22 15:42:17 +0000 2014,false
"5,24949443607413E+017",ottawashooting,ottawa police report shooting rideau centre report injury,73,Wed Oct 22 15:44:35 +0000 2014,false
"5,24952883343925E+017",ottawashooting,watch video show gunfire inside canada parliament ottawa http://t.co/cjpxnak8ns http://t.co/hxwr2ner2k,312,Wed Oct 22 15:58:15 +0000 2014,true
"5,24956129017995E+017",ottawashooting,police shot fire 3 ottawa site   national war memorial parliament hill rideau shopping centre http://t.co/ronqpubuqc,134,Wed Oct 22 16:11:09 +0000 2014,false
"5,24959809402331E+017",ottawashooting,senior u.s official canadian government inform u.s shooter dead ottawa live blog http://t.co/q98amohu7 t,181,Wed Oct 22 16:25:46 +0000 2014,true
"5,249617217449E+017",ottawashooting,canadian soldier shoot ottawa war memorial reservist serve argyll sutherland highlanders hamilton ont,145,Wed Oct 22 16:33:22 +0000 2014,true
"5,24962142563611E+017",ottawashooting,"break rick hughes cbc hamilton 

 soldier shoot ottawa wednesday morning reservist serve hamilton",30,Wed Oct 22 16:35:02 +0000 2014,true
"5,24964948683006E+017",ottawashooting,ottawa police confirm cbcnews seek 1 suspect shooting parliament hill war memorial nearby mall,118,Wed Oct 22 16:46:11 +0000 2014,false
"5,24965775036387E+017",ottawashooting,hero @affanchowdhry kevin vickers head security parliament credit take shooter ottawa http://t.co/rvyete0kyq,68,Wed Oct 22 16:49:28 +0000 2014,true
"5,24966904885428E+017",ottawashooting,breaking update canadian soldier injure parliament hill shooting die http://t.co/zp9akplh9p   ottawa,23,Wed Oct 22 16:53:58 +0000 2014,true
"5,24969201102901E+017",ottawashooting,"mps credit sergeant arm save life parliament hill shooting 
 http://t.co/3nfiswtwpt http://t.co/v5tibcqgj9",247,Wed Oct 22 17:03:05 +0000 2014,true
"5,24970851675177E+017",ottawashooting,canada parliament building lock shoot guard injure http://t.co/nrsnlg2s04 photo ap http://t.co/qpxf4if6am,56,Wed Oct 22 17:09:39 +0000 2014,unverified
"5,24972443308683E+017",ottawashooting,statement ottawa hospital receive 3 patient 2 stable condition http://t.co/zu5hyprgdl,20,Wed Oct 22 17:15:58 +0000 2014,unverified
"5,24975705206305E+017",ottawashooting,nhl cancel tonight game ottawa toronto today shooting senator host maple leafs,127,Wed Oct 22 17:28:56 +0000 2014,true
"5,24980744658383E+017",ottawashooting,rcmp hold news conference ottawa shooting 2 pm et 11 pt watch live coverage http://t.co/kngapktsce,65,Wed Oct 22 17:48:57 +0000 2014,true
"5,24981436252951E+017",ottawashooting,canadian authority give suspect ottawa attack u.s fed ask fbi assistance sr u.s law enforcement official,35,Wed Oct 22 17:51:42 +0000 2014,unverified
"5,24983581983375E+017",ottawashooting,police shoot incident ottawa war memorial parliament hill http://t.co/q98amohu7 t,201,Wed Oct 22 18:00:14 +0000 2014,false
"5,24990163446141E+017",ottawashooting,police clarify shooting ottawa today war memorial parliament hill,70,Wed Oct 22 18:26:23 +0000 2014,false
"5,2499157616325E+017",ottawashooting,police believe gunman involve shooting ottawa morning look shooter http://t.co/ihv4galetc,28,Wed Oct 22 18:32:00 +0000 2014,false
"5,24993533212897E+017",ottawashooting,fbi assist case ottawa shooting source confirm ctv news,89,Wed Oct 22 18:39:46 +0000 2014,unverified
"5,24995771587109E+017",ottawashooting,afternoon lower flag half mast honour canadian reservist lose life ottawa http://t.co/3otf5sd2lf,94,Wed Oct 22 18:48:40 +0000 2014,true
"5,25003468659229E+017",ottawashooting,timid colour soldier guard tomb unknown soldier today shooting standforcanada http://t.co/7kow2xatkg,187,Wed Oct 22 19:19:15 +0000 2014,false
"5,25019752507658E+017",ottawashooting,isis medium account post picture claim michael zehaf bibeau dead ottawashooting suspect canada http://t.co/kwam0e4tyx,224,Wed Oct 22 20:23:58 +0000 2014,true
"5,25023025792836E+017",ottawashooting,"ripnathancirillo 

 rt @globeandmail soldier kill war memorial identify cpl nathan cirillo ottawashoote http://t.co/uzzqmlctss",58,Wed Oct 22 20:36:58 +0000 2014,true
"5,25025279803425E+017",ottawashooting,soldier shoot dead wednesday ottawa attack name cpl nathan cirillo hamont ottawashooting http://t.co/mxlmptnlww,36,Wed Oct 22 20:45:55 +0000 2014,true
"5,25025463648137E+017",ottawashooting,break source confirm cp24 deceased soldier ottawa cpl nathan cirillo cirillo member hamilton argylls,54,Wed Oct 22 20:46:39 +0000 2014,true
"5,25028734991344E+017",ottawashooting,ctv news confirm canadian authority provide authority michael zehaf bibeau connection ottawa shoot,54,Wed Oct 22 20:59:39 +0000 2014,true
"5,25032872647066E+017",ottawashooting,break michael zehaf bebeau designate high risk traveller cdn govt confiscate passport http://t.co/dpemq78jzm,19,Wed Oct 22 21:16:06 +0000 2014,unverified
"5,25049639016616E+017",ottawashooting,soldier die today ottawa war memorial cpl nathan cirillo rip ottawastrong http://t.co/vhpbpq5yyk,97,Wed Oct 22 22:22:43 +0000 2014,true
"5,25056576038519E+017",ottawashooting,soldier kill canada shooting young reservist year old son http://t.co/83preil9xv http://t.co/lvprxoccf7,416,Wed Oct 22 22:50:17 +0000 2014,true
"5,25058976376193E+017",ottawashooting,thought prayer nathan cirillo die today ottawa protect country age 24 http://t.co/pfwassalpx,351,Wed Oct 22 22:59:49 +0000 2014,true
"5,25060425184858E+017",ottawashooting,canadian soldier kill today ottawa shooting cpl nathan cirillo family source tell cnn live blog http://t.co/d58rrfrbwq,232,Wed Oct 22 23:05:35 +0000 2014,true
"5,25068915068924E+017",ottawashooting,exclusive michael zahaf bibeau catch dashcam model sell http://t.co/62s1bt3ech ottawashoote http://t.co/lpnqakshzw,85,Wed Oct 22 23:39:19 +0000 2014,true
"5,29540733020406E+017",prince-toronto,"prince toronto tonight 
 @3rdeyegirl tweet morning otnorot calling toronto backwards obviously",7,Tue Nov 04 07:48:43 +0000 2014,false
"5,29653029747065E+017",prince-toronto,prince fan line massey hall wristband surprise reportedly sale 6 p.m. toronto http://t.co/uzbpglfyce,7,Tue Nov 04 15:14:57 +0000 2014,false
"5,29654186791944E+017",prince-toronto,prince rumour perform surprise toronto http://t.co/pebtcmybqc http://t.co/hoofi33ev2,5,Tue Nov 04 15:19:33 +0000 2014,false
"5,29660296080917E+017",prince-toronto,prince play secret toronto tonight   play secret tonight involve pizza   netflix bingeing,47,Tue Nov 04 15:43:49 +0000 2014,false
"5,29687410611728E+017",prince-toronto,true prince rumour perform surprise toronto http://t.co/eziilvkxyb,8,Tue Nov 04 17:31:34 +0000 2014,false
"5,2968967941181E+017",prince-toronto,people talk stupid shit like government corruption harassment prince toronto smh,5,Tue Nov 04 17:40:35 +0000 2014,false
"5,29695367680762E+017",prince-toronto,omg prince rumour perform toronto today exciting,9,Tue Nov 04 18:03:11 +0000 2014,false
"5,29695483661664E+017",prince-toronto,clearly prince have toronto @torontocomms tdot gta prince concert http://t.co/e7oktlgd1v,4,Tue Nov 04 18:03:39 +0000 2014,false
"5,29713467184677E+017",prince-toronto,secret prince rumor toronto tonight http://t.co/ge2dfcfklj,37,Tue Nov 04 19:15:06 +0000 2014,false
"5,29716453792956E+017",prince-toronto,prince toronto rumour fly surprise @masseyhall http://t.co/yschlys6da,1,Tue Nov 04 19:26:58 +0000 2014,false
"5,29720273285566E+017",prince-toronto,response inquiry confirm prince perform @masseyhall tonight,49,Tue Nov 04 19:42:09 +0000 2014,false
"5,29739968470868E+017",prince-toronto,prince play massey hall tonight promoter say http://t.co/clvhvm07kx http://t.co/iadirsfooc,8,Tue Nov 04 21:00:25 +0000 2014,false
"5,76276947648406E+017",putinmissing,coup russia good article @forbes http://t.co/aancpb0blw ramzankadyrov putin putindead http://t.co/ofivdtltbo,4,Fri Mar 13 07:01:45 +0000 2015,unverified
"5,76319832800555E+017",putinmissing,hoppla @l0gg0l swiss rumors putin absence girlfriend alina give birth ticino http://t.co/vzngdh1qys http://t.co/5tvxsdvd1h,26,Fri Mar 13 09:52:10 +0000 2015,unverified
"5,76323086888362E+017",putinmissing,appear original source putin kabayeva swiss clinic rumour http://t.co/bkfjtsgdca,13,Fri Mar 13 10:05:06 +0000 2015,unverified
"5,7651346373811E+017",putinmissing,putin reappear tv amid claim unwell threat coup http://t.co/yzln23eux1 http://t.co/zsanba5gz3,20,Fri Mar 13 22:41:35 +0000 2015,unverified
"5,76755174531863E+017",putinmissing,coup rt @jimgeraghty rumor russian military attach embassy london return moscow http://t.co/e8zofxtfhx,0,Sat Mar 14 14:42:03 +0000 2015,unverified
"5,76796432730071E+017",putinmissing,unformed russian embassy staff london leave russia   rumour putin die http://t.co/zsiv8w6fj2 @shaunynew putindead,2,Sat Mar 14 17:26:00 +0000 2015,false
"5,7681299841894E+017",putinmissing,putin reappear television amid rumour girlfriend 2 birth http://t.co/yjun1f0qxe http://t.co/b7fxmo03jk @scofield_fx,0,Sat Mar 14 18:31:50 +0000 2015,unverified
"5,76829262927413E+017",putinmissing,good putin coup @coalsonr scenario succession russia http://t.co/fotdqxdfev @rferl http://t.co/rda0giizeb,36,Sat Mar 14 19:36:27 +0000 2015,unverified
"5,77258317942149E+017",putinmissing,vladimir putin netralize internal coup maybe vacation harper closet   http://t.co/tlr3cfleyv lookingfornarnia,4,Mon Mar 16 00:01:22 +0000 2015,unverified
"5,44268732046914E+017",sydneysiege,break hostage hold siege take place sydney lindt chocolat cafe martin place,9,Sun Dec 14 23:12:32 +0000 2014,true
"5,44269749405098E+017",sydneysiege,break live coverage hostage situation unfold sydney martin place http://t.co/ttg8ye71zg http://t.co/itwradhtb3,88,Sun Dec 14 23:16:34 +0000 2014,true
"5,44271069146657E+017",sydneysiege,understand gunman dozen hostage inside cafe siege sydney isis flag remain display 7news,20,Sun Dec 14 23:21:49 +0000 2014,false
"5,44271284796785E+017",sydneysiege,develop gunman take hostage sydney cafe isis flag hold window http://t.co/gdkig15yun http://t.co/suvfommbwm,20,Sun Dec 14 23:22:41 +0000 2014,true
"5,44271362022339E+017",sydneysiege,black islamic flag hold window lindt chocolate store martin place sydney hostage inside http://t.co/fav7peuy6p,35,Sun Dec 14 23:22:59 +0000 2014,true
"5,44272537341813E+017",sydneysiege,sydney siege gunman force hostage hold isis flag window http://t.co/9k3xxeisfa http://t.co/catxcjyxpy,51,Sun Dec 14 23:27:39 +0000 2014,false
"5,44274544174072E+017",sydneysiege,break bash cheney waterboarding possible isis terrorist attack ongoing sydney http://t.co/nkksw4oze2,56,Sun Dec 14 23:35:38 +0000 2014,false
"5,44274934835708E+017",sydneysiege,people hold hostage sydney cafe australian tv show people   hand window http://t.co/ad2pr4opfq,113,Sun Dec 14 23:37:11 +0000 2014,true
"5,44277117039837E+017",sydneysiege,flag window sydney lindt cafe isis flag read god allah muhammad messenger god @liztilley84,48,Sun Dec 14 23:45:51 +0000 2014,true
"5,4427786055571E+017",sydneysiege,isis -holding cafe hostage sydney- force hostage press isis flag windows dramaalert hot http://t.co/xwxlvvwc76,100,Sun Dec 14 23:48:48 +0000 2014,false
"5,44278335455777E+017",sydneysiege,break hostage hold inside sydney cafe islamic flag hold,23,Sun Dec 14 23:50:42 +0000 2014,true
"5,4427898524955E+017",sydneysiege,geoblock lift abcnews24 stream coverage martin place siege sydney   http://t.co/hvquvp4sib,55,Sun Dec 14 23:53:16 +0000 2014,true
"5,44282005941531E+017",sydneysiege,hostage sydney cafe hold islamic flag http://t.co/i1psupekkb,51,Mon Dec 15 00:05:17 +0000 2014,true
"5,44282227035869E+017",sydneysiege,break news gunman hostage sydney cafe wave islamic flag http://t.co/zmso3ardvs http://t.co/hfw40oyvuz,57,Mon Dec 15 00:06:09 +0000 2014,true
"5,44283772569788E+017",sydneysiege,live update siege sydney cafe http://t.co/anihu5dllj,49,Mon Dec 15 00:12:18 +0000 2014,true
"5,44287209730236E+017",sydneysiege,sydney opera house evacuate concourse desert http://t.co/nmbulcimkv sydneysiege @cberkman http://t.co/qylou0revw,32,Mon Dec 15 00:25:57 +0000 2014,unverified
"5,44288681021145E+017",sydneysiege,20 hold hostage sydney lindt cafe siege http://t.co/4kisv2pki5 http://t.co/qiaa63scqk,24,Mon Dec 15 00:31:48 +0000 2014,false
"5,44289311504355E+017",sydneysiege,statement prime minister tony abbott sydney hostage situation http://t.co/mhknrzfqwb,45,Mon Dec 15 00:34:18 +0000 2014,true
"5,44289409294553E+017",sydneysiege,statement pm abbott sydneysiege martinplace lindt http://t.co/7ilkzgnbdz,29,Mon Dec 15 00:34:42 +0000 2014,true
"5,44289941996327E+017",sydneysiege,prime minister tony abbott statement sydneysiege update http://t.co/egwhanjo35 http://t.co/aghyn5qkei,32,Mon Dec 15 00:36:49 +0000 2014,true
"5,44290258951893E+017",sydneysiege,central sydney shut police amid ongoing hostage situation http://t.co/tvalmmqfxp,47,Mon Dec 15 00:38:04 +0000 2014,true
"5,4429180405796E+017",sydneysiege,photo hostage press window sydneysiege http://t.co/moy8zchp5a,67,Mon Dec 15 00:44:13 +0000 2014,true
"5,44291965513134E+017",sydneysiege,accord seven picture gunman http://t.co/3zor3gsoso,20,Mon Dec 15 00:44:51 +0000 2014,true
"5,44292129972171E+017",sydneysiege,break alert preliminary report indicate perpetrator appear member isis sydneysiege,30,Mon Dec 15 00:45:30 +0000 2014,false
"5,44292670336926E+017",sydneysiege,update 13 hostage inside sydney coffee shop near sydney opera house abbott deliver statement shortly isisattacks sydneyseige,43,Mon Dec 15 00:47:39 +0000 2014,false
"5,44293753130082E+017",sydneysiege,detail hostage site lindt chocolat cafe near sydney harbor http://t.co/1zlzkdjvsf http://t.co/7u8efuwcey,27,Mon Dec 15 00:51:57 +0000 2014,false
"5,44294893146092E+017",sydneysiege,ongoing hostage situation sydney café sydneysiege major landmark like sydney opera house evacuate   http://t.co/fmvq54qmto,98,Mon Dec 15 00:56:29 +0000 2014,true
"5,44297696308519E+017",sydneysiege,update 13 people hold hostage sydney shop opera house evacuate suspicious package find report http://t.co/n4d3ygjso9,106,Mon Dec 15 01:07:38 +0000 2014,false
"5,44301453717041E+017",sydneysiege,breaking update gunman say device locate sydney security response underway police call calm 9news,66,Mon Dec 15 01:22:33 +0000 2014,true
"5,44305540286149E+017",sydneysiege,man believe gunman film wear black headband inside cafe http://t.co/7ixilhivxz http://t.co/dow5zfm1uu,18,Mon Dec 15 01:38:48 +0000 2014,true
"5,44305745416581E+017",sydneysiege,police stand guard hostage hold cafe sydney follow afp live report http://t.co/ykwnsmshsy http://t.co/wyjunpbdfo,22,Mon Dec 15 01:39:37 +0000 2014,false
"5,44306402731508E+017",sydneysiege,pmharper tweet canada thought prayer australian friend 13 40 hostage hold cafe sydney sydneysiege,38,Mon Dec 15 01:42:13 +0000 2014,false
"5,44306719686656E+017",sydneysiege,evacuate consulate sydney sydneysiege emergency warning u.s citizen urge maintain high level vigilance,69,Mon Dec 15 01:43:29 +0000 2014,unverified
"5,44309275141886E+017",sydneysiege,approximately 50 hostage hold captive lindt café local report http://t.co/1zlzkdjvsf sydneysiege http://t.co/nvlr5kyqg8,91,Mon Dec 15 01:53:38 +0000 2014,false
"5,44310853613281E+017",sydneysiege,sydney cafe siege large plot @y7news martinplacesiege http://t.co/f2atnepjmh http://t.co/de4ibxv73k,55,Mon Dec 15 01:59:54 +0000 2014,false
"5,4431423454147E+017",sydneysiege,uber intro surge pricing downtown sydney hostage siege http://t.co/xwge9mpuzu http://t.co/cwhiiozfnr,76,Mon Dec 15 02:13:21 +0000 2014,true
"5,44315472075043E+017",sydneysiege,consulate sydney reportedly evacuate amid ongoing hostage situation chocolate shop http://t.co/n4d3ygjso9 http://t.co/ayl7vvqxl8,220,Mon Dec 15 02:18:16 +0000 2014,unverified
"5,44319274072818E+017",sydneysiege,ray hadley say speak hostage hear gunman background bark order demand live air,58,Mon Dec 15 02:33:22 +0000 2014,true
"5,44319832486064E+017",sydneysiege,hostage situation erupt sydney cafe australian prime minister say politically motivated http://t.co/439c1mkrwf,45,Mon Dec 15 02:35:35 +0000 2014,true
"5,44324444773433E+017",sydneysiege,uber say hike price sydney encourage driver come online   pick passenger http://t.co/mcj0rmsxpc sydneysiege,33,Mon Dec 15 02:53:55 +0000 2014,true
"5,44328894812549E+017",sydneysiege,sydneysiege hostage taker suicide belt demand radio convo abbott report http://t.co/1zlzkdjvsf http://t.co/7jej7i4slo,142,Mon Dec 15 03:11:36 +0000 2014,unverified
"5,44329935943238E+017",sydneysiege,uber sydney trip cbd free rider high rate place encourage driver cbd,178,Mon Dec 15 03:15:44 +0000 2014,true
"5,44333764814324E+017",sydneysiege,"gunman headband read soldier o muhammad 
 martinplace sydneysiege http://t.co/ggugp4kv9c",20,Mon Dec 15 03:30:57 +0000 2014,unverified
"5,44350567183557E+017",sydneysiege,people come firedoor near lindt cafe wait police 2 3 people hard sydneysiege,49,Mon Dec 15 04:37:43 +0000 2014,true
"5,44350712365208E+017",sydneysiege,break report customer employee escape sydneysiege http://t.co/fsleobzxhh,60,Mon Dec 15 04:38:18 +0000 2014,true
"5,44352727971955E+017",sydneysiege,local medium 3 people appear escape martin place sydney café amid hostage situation @abcnews http://t.co/n5mmnilz4z,70,Mon Dec 15 04:46:18 +0000 2014,true
"5,44358533819421E+017",sydneysiege,break hostage appear escape sydney cafe siege remain ongoing http://t.co/akfqcnbofx sydneyseige,56,Mon Dec 15 05:09:22 +0000 2014,true
"5,44358564484379E+017",sydneysiege,police negotiator contact armed hostage taker sydney situation motive remain unknown http://t.co/mp18e4ddjw,24,Mon Dec 15 05:09:30 +0000 2014,true
"5,44367462012432E+017",sydneysiege,police confirm 3 hostage escape sydney cafe unknown number remain inside http://t.co/pcat91lid sydneysiege,76,Mon Dec 15 05:44:51 +0000 2014,true
"5,44374511194632E+017",sydneysiege,update total 5 people able sydney cafe hostage situation http://t.co/mp18e4ddjw http://t.co/n5vhi5dszg,112,Mon Dec 15 06:12:52 +0000 2014,true
"5,44380742076088E+017",sydneysiege,shoot capture sydneysiege sheer terror relief escape hostage incredible work @nswpolice http://t.co/icffjz9nuz,267,Mon Dec 15 06:37:37 +0000 2014,true
"5,44381485591982E+017",sydneysiege,report @channeltennews sydneysiege gunman want isil flag deliver cafe want speak pm people kill,20,Mon Dec 15 06:40:34 +0000 2014,true
"5,44382892378714E+017",sydneysiege,hostage escape sydney cafe siege live update @buzzfeedoz http://t.co/afhirytbfh http://t.co/biljubbc5r,138,Mon Dec 15 06:46:10 +0000 2014,true
"5,44391176137089E+017",sydneysiege,hostage taker sydney cafe demand isis flag australian pm sky news report http://t.co/a2vgrn30xh sydneysiege,34,Mon Dec 15 07:19:05 +0000 2014,true
"5,44391533240517E+017",sydneysiege,hostage escape besiege lindt cafe sydney | late update http://t.co/xjvicqdu0y http://t.co/angbzscmdq,52,Mon Dec 15 07:20:30 +0000 2014,true
"5,44399927045284E+017",sydneysiege,nsw police confirm 5 hostage emerge sydneysiege negotiate bit time http://t.co/le9r9rezdr,241,Mon Dec 15 07:53:51 +0000 2014,true
"5,44462330105713E+017",sydneysiege,sydney airspace close second terror suspect arrest myth sydneysiege debunk http://t.co/ytlkluknfd,45,Mon Dec 15 12:01:49 +0000 2014,false
"5,44476808566276E+017",sydneysiege,tv channel choose video hostage relay sydneysiege gunman demand http://t.co/5jtd36wfou http://t.co/okjprv40l3,79,Mon Dec 15 12:59:21 +0000 2014,true
"5,4449115111886E+017",sydneysiege,"sydney hostage taker 
 man monis 49 
 originally iran 
 self style sheikh 
 accuse sexually assault 7 woman 
 develop",33,Mon Dec 15 13:56:21 +0000 2014,true
"5,44504183341064E+017",sydneysiege,escape sydneysiege hostage elly chen student skilled sportswoman http://t.co/coyz8n2imb http://t.co/48ydsm7ljb,130,Mon Dec 15 14:48:08 +0000 2014,true
"5,44510450101416E+017",sydneysiege,hostage flee cafe siege sydney local medium http://t.co/yjuafdpney,146,Mon Dec 15 15:13:02 +0000 2014,unverified
"5,44511199702823E+017",sydneysiege,police police confirm live ammunition martin place sydneysiege,41,Mon Dec 15 15:16:01 +0000 2014,true
"5,44512108885725E+017",sydneysiege,paramedic currently carry number hostage martinpl sydneysiege 9news,53,Mon Dec 15 15:19:37 +0000 2014,true
"5,44512664769397E+017",sydneysiege,break police enter lindt cafe hostage flee http://t.co/iualgri7jj   sydneysiege http://t.co/hxz8effn3f,61,Mon Dec 15 15:21:50 +0000 2014,true
"5,445126766435E+017",sydneysiege,break   @skybusines free hostage bear high sydneysiege w c.4 paramedic team scene http://t.co/dkbqi5tx4b carsonscottli,34,Mon Dec 15 15:21:53 +0000 2014,true
"5,44512910538838E+017",sydneysiege,update hostage flee sydney cafe hold iranian gunman explosion gunshot hear http://t.co/wrpvzsjhlx,45,Mon Dec 15 15:22:49 +0000 2014,unverified
"5,44513524438155E+017",sydneysiege,sydney siege police enter cafe hostage flee scene gunfire hear report injured person live http://t.co/c4xbud6a3 m,1,Mon Dec 15 15:25:15 +0000 2014,true
"5,44514564407427E+017",sydneysiege,police relaxed suggest hostage gunman longer threat http://t.co/xheuclmcmj sydneysiege,39,Mon Dec 15 15:29:23 +0000 2014,true
"5,44514570367169E+017",sydneysiege,"sydneysiege late video hostage escape 
 https://t.co/effgsbt2ho",111,Mon Dec 15 15:29:24 +0000 2014,unverified
"5,44515538383565E+017",sydneysiege,"haron monis hostage taker sydney flee iran 96,suspect ex wife killing,46 sex assault http://t.co/3caib9onfg http://t.co/vfoxjtrggz",33,Mon Dec 15 15:33:15 +0000 2014,true
"5,44517264054424E+017",sydneysiege,break police confirm sydneysiege 9news,275,Mon Dec 15 15:40:07 +0000 2014,true
"5,44518335019229E+017",sydneysiege,breaking people die follow sydneysiege 5 people treat paramedic,45,Mon Dec 15 15:44:22 +0000 2014,true
"5,445200428102E+017",sydneysiege,sydneysiege 2 confirm dead prayforsydney prayforsydneyhostage sydney hostage,22,Mon Dec 15 15:51:09 +0000 2014,true
"5,44520273718813E+017",sydneysiege,police confirm sydneysiege finally people reportedly injure suffer gunshot wound http://t.co/nsprnsytdt,133,Mon Dec 15 15:52:04 +0000 2014,true
